Id,Name,Age,Notes
1,Hannah,24,Never seen the outside world
2,Bruce,44,Likes Doughnuts and yet mysteriously skinny
3,Adam,11,Plays video games
4,Kirill,22,Never seen the outside world
5,Gary,44,Perfect
6,Ben,18,Plays all the games
7,Hannah,24,Never seen the outside world
8,Bruce,44,Likes Doughnuts and yet mysteriously skinny
9,Adam,11,Plays video games
10,Kirill,22,Never seen the outside world
11,Gary,44,Perfect
12,Ben,18,Plays all the games
13,Hannah,24,Never seen the outside world
14,Bruce,44,Likes Doughnuts and yet mysteriously skinny
15,Adam,11,Plays video games
16,Kirill,22,Never seen the outside world
17,Gary,44,Perfect
18,Ben,18,Plays all the games
19,Hannah,24,Never seen the outside world
20,Bruce,44,Likes Doughnuts and yet mysteriously skinny
21,Adam,11,Plays video games
22,Kirill,22,Never seen the outside world
23,Gary,44,Perfect
24,Ben,18,Plays all the games
25,Hannah,24,Never seen the outside world
26,Bruce,44,Likes Doughnuts and yet mysteriously skinny
27,Adam,11,Plays video games
28,Kirill,22,Never seen the outside world
29,Gary,44,Perfect
30,Ben,18,Plays all the games
31,Hannah,24,Never seen the outside world
32,Bruce,44,Likes Doughnuts and yet mysteriously skinny
33,Adam,11,Plays video games
34,Kirill,22,Never seen the outside world
35,Gary,44,Perfect
36,Ben,18,Plays all the games
37,Hannah,24,Never seen the outside world
38,Bruce,44,Likes Doughnuts and yet mysteriously skinny
39,Adam,11,Plays video games
40,Kirill,22,Never seen the outside world
41,Gary,44,Perfect
42,Ben,18,Plays all the games
43,Hannah,24,Never seen the outside world
44,Bruce,44,Likes Doughnuts and yet mysteriously skinny
45,Adam,11,Plays video games
46,Kirill,22,Never seen the outside world
47,Gary,44,Perfect
48,Ben,18,Plays all the games
